epoch,time,train/box_loss,train/cls_loss,train/l1_loss,metrics/precision(B),metrics/recall(B),metrics/mAP50(B),metrics/mAP50-95(B),val/box_loss,val/cls_loss,val/l1_loss,lr/pg0,lr/pg1,lr/pg2
1,27.79,4.22934,14.3141,0.10252,0.0001,0.01699,1e-05,0,4.77862,17.5719,0.13905,0.00032963,0.00032963,0.00032963
2,41.1719,3.94592,10.2408,0.09732,0.00097,0.08246,0.00167,0.00027,4.762,13.1072,0.132,0.000658587,0.000658587,0.000658587
3,53.9904,3.50242,6.53788,0.08925,0.00128,0.10811,0.00176,0.00023,4.16081,7.57118,0.11812,0.000983145,0.000983145,0.000983145
4,66.0351,3.17445,4.87243,0.08067,0.00314,0.22727,0.01468,0.00365,3.86449,5.58794,0.11334,0.0009802,0.0009802,0.0009802
5,79.5352,2.93531,4.21608,0.07217,0.86119,0.05613,0.05122,0.01236,2.99445,4.09833,0.08633,0.0009736,0.0009736,0.0009736
6,91.9885,2.78929,3.90161,0.06907,0.85861,0.08463,0.0507,0.01487,3.11912,4.25926,0.0888,0.000967,0.000967,0.000967
7,104.219,2.63607,3.63964,0.06338,0.58391,0.10549,0.09136,0.02849,2.6329,3.57918,0.07307,0.0009604,0.0009604,0.0009604
8,117.544,2.55537,3.45273,0.06056,0.60303,0.09603,0.10485,0.03594,2.53678,3.48835,0.06907,0.0009538,0.0009538,0.0009538
9,129.775,2.52627,3.28729,0.05915,0.60791,0.05424,0.0519,0.01591,2.70096,4.22491,0.07238,0.0009472,0.0009472,0.0009472
10,141.778,2.39702,3.20461,0.05519,0.62354,0.10998,0.09266,0.02927,2.66528,3.55476,0.07217,0.0009406,0.0009406,0.0009406
11,154.945,2.33127,3.06094,0.05308,0.35007,0.13386,0.15046,0.05258,2.3345,3.15261,0.05932,0.000934,0.000934,0.000934
12,167.145,2.3289,2.96266,0.05371,0.38822,0.11488,0.12641,0.03505,2.33667,3.08637,0.0585,0.0009274,0.0009274,0.0009274
13,180.076,2.26555,2.89475,0.05184,0.50752,0.09639,0.07197,0.02307,2.7182,4.23735,0.07119,0.0009208,0.0009208,0.0009208
14,192.219,2.19993,2.83984,0.04821,0.38512,0.11764,0.13958,0.05296,2.20022,3.07986,0.05443,0.0009142,0.0009142,0.0009142
15,204.435,2.13343,2.75362,0.04699,0.44579,0.2434,0.21591,0.0765,2.15493,2.70626,0.05394,0.0009076,0.0009076,0.0009076
16,217.635,2.14206,2.70189,0.04729,0.39396,0.26236,0.24258,0.08506,2.10632,2.63086,0.05216,0.000901,0.000901,0.000901
17,229.901,2.153,2.65206,0.04752,0.41386,0.24197,0.22185,0.0752,2.15707,2.66786,0.05213,0.0008944,0.0008944,0.0008944
18,241.904,2.07263,2.59666,0.04524,0.42344,0.27395,0.24296,0.09227,2.10618,2.73081,0.05188,0.0008878,0.0008878,0.0008878
19,255.262,2.05637,2.59304,0.04393,0.43325,0.30047,0.28178,0.10473,1.92295,2.64488,0.04669,0.0008812,0.0008812,0.0008812
20,267.402,1.98555,2.52407,0.04275,0.43522,0.30992,0.27823,0.10408,2.02118,2.50618,0.04867,0.0008746,0.0008746,0.0008746
21,279.096,1.98962,2.4799,0.04261,0.49239,0.27984,0.23804,0.09974,1.97534,2.66539,0.04612,0.000868,0.000868,0.000868
22,291.942,2.00696,2.46492,0.0434,0.43642,0.27123,0.23402,0.08861,2.05742,2.69914,0.04863,0.0008614,0.0008614,0.0008614
23,304.067,1.93661,2.38424,0.04075,0.56331,0.30276,0.33121,0.1382,1.94604,2.43791,0.04908,0.0008548,0.0008548,0.0008548
24,317.285,1.98371,2.35422,0.04157,0.40313,0.26718,0.23561,0.0905,1.9898,2.82989,0.04718,0.0008482,0.0008482,0.0008482
25,329.863,1.94827,2.31003,0.04146,0.45803,0.32368,0.28873,0.11619,1.93406,2.57944,0.04691,0.0008416,0.0008416,0.0008416
26,342.973,1.92746,2.28578,0.04103,0.53605,0.36035,0.37389,0.15231,1.87544,2.26552,0.04371,0.000835,0.000835,0.000835
27,356.753,1.91323,2.2329,0.04078,0.45949,0.36048,0.32011,0.13528,1.93019,2.40353,0.04654,0.0008284,0.0008284,0.0008284
28,368.72,1.89685,2.233,0.03997,0.47935,0.344,0.34306,0.13507,1.96204,2.37543,0.04637,0.0008218,0.0008218,0.0008218
29,380.717,1.89719,2.21782,0.03992,0.50393,0.38671,0.33021,0.13519,1.88262,2.39819,0.04501,0.0008152,0.0008152,0.0008152
30,393.681,1.89015,2.09495,0.03956,0.46761,0.33695,0.31121,0.13141,1.90261,2.38619,0.04701,0.0008086,0.0008086,0.0008086
31,405.843,1.88557,2.14682,0.03957,0.46435,0.34142,0.34089,0.14326,1.86416,2.31106,0.04521,0.000802,0.000802,0.000802
32,417.794,1.84974,2.139,0.03866,0.49692,0.38555,0.40015,0.17202,1.79424,2.26577,0.04217,0.0007954,0.0007954,0.0007954
33,430.891,1.86921,2.11845,0.0394,0.55103,0.36451,0.39101,0.1692,1.90623,2.21263,0.04551,0.0007888,0.0007888,0.0007888
34,442.858,1.85663,2.08067,0.03898,0.58642,0.40612,0.44725,0.18751,1.8713,2.13535,0.043,0.0007822,0.0007822,0.0007822
35,456.05,1.83461,2.04942,0.03746,0.54538,0.4151,0.44364,0.19213,1.84595,2.09516,0.04375,0.0007756,0.0007756,0.0007756
36,468.316,1.84217,2.04641,0.0377,0.53573,0.43772,0.44275,0.17255,1.97071,2.10059,0.04605,0.000769,0.000769,0.000769
37,480.356,1.82637,2.0414,0.03767,0.56439,0.38176,0.42326,0.17343,1.86542,2.17594,0.04373,0.0007624,0.0007624,0.0007624
38,493.246,1.81841,1.98806,0.03793,0.47175,0.46375,0.47005,0.19478,1.87706,2.05724,0.04467,0.0007558,0.0007558,0.0007558
39,505.678,1.8081,1.97943,0.03728,0.37019,0.35568,0.32795,0.14446,1.90608,2.52215,0.04501,0.0007492,0.0007492,0.0007492
40,517.766,1.82765,1.94827,0.03779,0.41504,0.46421,0.45171,0.19052,1.85205,2.05447,0.04252,0.0007426,0.0007426,0.0007426
41,530.681,1.78113,1.87998,0.03663,0.56964,0.45662,0.47711,0.20305,1.88413,1.93749,0.04396,0.000736,0.000736,0.000736
42,543.075,1.81076,1.93203,0.03767,0.55166,0.47248,0.47491,0.20874,1.7437,1.97403,0.04061,0.0007294,0.0007294,0.0007294
43,556.223,1.78142,1.90249,0.03611,0.58608,0.44472,0.48315,0.20536,1.88184,1.93305,0.0432,0.0007228,0.0007228,0.0007228
44,569.682,1.76909,1.88762,0.0365,0.44176,0.47367,0.47223,0.20148,1.83343,1.99311,0.04277,0.0007162,0.0007162,0.0007162
45,582.132,1.77528,1.84679,0.03625,0.42561,0.49667,0.47466,0.20913,1.8812,1.89764,0.04342,0.0007096,0.0007096,0.0007096
46,595.254,1.78546,1.82964,0.03617,0.48336,0.4987,0.50255,0.21869,1.84272,1.89702,0.04347,0.000703,0.000703,0.000703
47,607.64,1.74443,1.79382,0.03593,0.45307,0.45059,0.49413,0.22249,1.75179,1.85309,0.04041,0.0006964,0.0006964,0.0006964
48,619.86,1.75101,1.81378,0.03569,0.47048,0.50492,0.52562,0.23376,1.76846,1.86718,0.0409,0.0006898,0.0006898,0.0006898
49,632.939,1.73758,1.80829,0.03574,0.399,0.47583,0.45168,0.19195,1.83876,1.97942,0.04273,0.0006832,0.0006832,0.0006832
50,644.957,1.74464,1.7994,0.0354,0.65596,0.4658,0.52878,0.23082,1.874,1.83064,0.04408,0.0006766,0.0006766,0.0006766
51,658.056,1.73314,1.78405,0.03578,0.52678,0.50675,0.517,0.23057,1.84487,1.80908,0.04283,0.00067,0.00067,0.00067
52,671.248,1.72379,1.75686,0.03416,0.56009,0.47458,0.52501,0.23701,1.75552,1.81122,0.04045,0.0006634,0.0006634,0.0006634
53,683.97,1.71476,1.72346,0.03477,0.48392,0.51143,0.50242,0.21609,1.87468,1.83726,0.04344,0.0006568,0.0006568,0.0006568
54,697.697,1.70713,1.72931,0.0342,0.4845,0.51929,0.52851,0.23269,1.76615,1.7585,0.04005,0.0006502,0.0006502,0.0006502
55,711.097,1.72238,1.72294,0.03509,0.45963,0.50281,0.51018,0.23226,1.78844,1.7631,0.04119,0.0006436,0.0006436,0.0006436
56,725.059,1.7198,1.70645,0.03489,0.52658,0.51573,0.5268,0.23257,1.86364,1.78675,0.04218,0.000637,0.000637,0.000637
57,737.601,1.73196,1.68535,0.03491,0.45703,0.52169,0.52464,0.24318,1.77339,1.774,0.04108,0.0006304,0.0006304,0.0006304
58,749.852,1.73846,1.66779,0.03507,0.46502,0.48133,0.50004,0.23562,1.77385,1.86207,0.04053,0.0006238,0.0006238,0.0006238
59,763.539,1.70208,1.67186,0.03417,0.48367,0.5264,0.5599,0.25625,1.79837,1.6745,0.04054,0.0006172,0.0006172,0.0006172
60,776.943,1.69544,1.66105,0.0341,0.50653,0.57185,0.56067,0.25793,1.8011,1.70452,0.04045,0.0006106,0.0006106,0.0006106
61,789.992,1.69459,1.6297,0.03431,0.54597,0.53245,0.56806,0.25629,1.7948,1.70659,0.04036,0.000604,0.000604,0.000604
62,802.871,1.70582,1.66112,0.03369,0.48484,0.5758,0.55803,0.25978,1.76104,1.67025,0.03943,0.0005974,0.0005974,0.0005974
63,815.346,1.67873,1.62912,0.0336,0.50882,0.57057,0.56792,0.26475,1.76529,1.63816,0.03936,0.0005908,0.0005908,0.0005908
64,828.414,1.67843,1.62053,0.03341,0.53642,0.55752,0.57088,0.26038,1.77881,1.63532,0.04006,0.0005842,0.0005842,0.0005842
65,840.546,1.68553,1.60356,0.03355,0.53416,0.5268,0.53914,0.25278,1.73047,1.70823,0.03844,0.0005776,0.0005776,0.0005776
66,852.728,1.6574,1.61533,0.03236,0.54901,0.52955,0.56875,0.2606,1.70877,1.65614,0.03851,0.000571,0.000571,0.000571
67,865.757,1.65758,1.60951,0.03271,0.5372,0.56257,0.58089,0.27316,1.73162,1.63575,0.03864,0.0005644,0.0005644,0.0005644
68,878.086,1.65744,1.57475,0.03297,0.54938,0.57175,0.59287,0.27442,1.76,1.61546,0.03958,0.0005578,0.0005578,0.0005578
69,892.015,1.63664,1.59717,0.03217,0.56917,0.54093,0.56233,0.2516,1.73081,1.67591,0.03873,0.0005512,0.0005512,0.0005512
70,904.651,1.66537,1.60173,0.0327,0.50896,0.54635,0.53357,0.25176,1.74134,1.67329,0.03902,0.0005446,0.0005446,0.0005446
71,916.892,1.64096,1.56685,0.03228,0.51365,0.5823,0.56522,0.25943,1.75024,1.64304,0.03894,0.000538,0.000538,0.000538
72,929.599,1.64232,1.55518,0.033,0.55286,0.54502,0.56444,0.2504,1.79096,1.65919,0.04098,0.0005314,0.0005314,0.0005314
73,941.719,1.64336,1.55035,0.03229,0.51825,0.58709,0.58231,0.28306,1.71768,1.60433,0.03862,0.0005248,0.0005248,0.0005248
74,954.318,1.60841,1.53279,0.03109,0.53986,0.59148,0.59655,0.27489,1.68371,1.57755,0.03823,0.0005182,0.0005182,0.0005182
75,968.263,1.61326,1.51455,0.03154,0.52948,0.57653,0.57914,0.26964,1.73424,1.59235,0.03919,0.0005116,0.0005116,0.0005116
76,980.765,1.64632,1.50974,0.03241,0.50632,0.58758,0.56545,0.27277,1.7566,1.58431,0.03934,0.000505,0.000505,0.000505
77,992.862,1.60734,1.49462,0.03126,0.55577,0.55049,0.57563,0.27815,1.72617,1.58744,0.03889,0.0004984,0.0004984,0.0004984
78,1005.44,1.62081,1.49069,0.03221,0.55421,0.53345,0.58271,0.27568,1.71909,1.58003,0.03808,0.0004918,0.0004918,0.0004918
79,1017.56,1.59923,1.47451,0.03152,0.5543,0.57104,0.58172,0.27281,1.70975,1.59971,0.03837,0.0004852,0.0004852,0.0004852
80,1031.39,1.58832,1.47596,0.03125,0.5548,0.5774,0.58556,0.27672,1.73495,1.58461,0.03871,0.0004786,0.0004786,0.0004786
81,1043.47,1.60693,1.47419,0.03147,0.49402,0.56772,0.57629,0.27579,1.71053,1.58772,0.03774,0.000472,0.000472,0.000472
82,1055.58,1.60593,1.44936,0.03139,0.53619,0.60139,0.61044,0.2912,1.69388,1.53806,0.03801,0.0004654,0.0004654,0.0004654
83,1068.53,1.61472,1.47106,0.03176,0.54565,0.57978,0.60504,0.27931,1.74214,1.5806,0.03881,0.0004588,0.0004588,0.0004588
84,1080.83,1.57552,1.45744,0.03084,0.55127,0.58719,0.60738,0.28903,1.71378,1.53673,0.0383,0.0004522,0.0004522,0.0004522
85,1092.95,1.59477,1.45969,0.03138,0.57416,0.56653,0.60182,0.2919,1.68159,1.52976,0.03802,0.0004456,0.0004456,0.0004456
86,1105.47,1.58559,1.47067,0.03043,0.54326,0.57945,0.59176,0.28625,1.70948,1.57839,0.0377,0.000439,0.000439,0.000439
87,1118.02,1.56606,1.41444,0.03076,0.54866,0.6006,0.60855,0.28957,1.68862,1.53578,0.0372,0.0004324,0.0004324,0.0004324
88,1131.12,1.57114,1.43042,0.03044,0.60059,0.573,0.61562,0.29022,1.70242,1.57759,0.03906,0.0004258,0.0004258,0.0004258
89,1143.74,1.54993,1.43161,0.03001,0.55989,0.58648,0.61014,0.29791,1.66432,1.54507,0.03691,0.0004192,0.0004192,0.0004192
90,1156.32,1.57483,1.41905,0.03077,0.54304,0.59286,0.59747,0.2824,1.73378,1.53912,0.03771,0.0004126,0.0004126,0.0004126
91,1168.97,1.58232,1.4106,0.03074,0.57422,0.55509,0.58789,0.28469,1.74358,1.59548,0.03855,0.000406,0.000406,0.000406
92,1181.21,1.56836,1.40973,0.03059,0.55564,0.58029,0.59289,0.27752,1.78271,1.5499,0.03861,0.0003994,0.0003994,0.0003994
93,1193.92,1.55575,1.39358,0.03035,0.54103,0.57539,0.59948,0.28909,1.78775,1.47545,0.03987,0.0003928,0.0003928,0.0003928
94,1205.97,1.55596,1.39564,0.03013,0.54884,0.59122,0.6015,0.2964,1.7013,1.53229,0.03822,0.0003862,0.0003862,0.0003862
95,1218,1.54616,1.37595,0.02999,0.56023,0.57724,0.60663,0.28934,1.73591,1.53691,0.03781,0.0003796,0.0003796,0.0003796
96,1230.84,1.56076,1.35537,0.02992,0.60384,0.57203,0.623,0.30271,1.74138,1.49266,0.03816,0.000373,0.000373,0.000373
97,1243.12,1.55449,1.40142,0.03041,0.62343,0.59241,0.63904,0.30608,1.74584,1.49001,0.039,0.0003664,0.0003664,0.0003664
98,1257,1.5513,1.36562,0.0303,0.57143,0.56861,0.61317,0.29995,1.74626,1.52435,0.03906,0.0003598,0.0003598,0.0003598
99,1269.64,1.54353,1.34477,0.03019,0.60763,0.56553,0.61735,0.28729,1.82955,1.50057,0.0404,0.0003532,0.0003532,0.0003532
100,1281.73,1.53323,1.37391,0.02983,0.59353,0.59665,0.64069,0.31068,1.70291,1.48433,0.03751,0.0003466,0.0003466,0.0003466
101,1294.75,1.54674,1.37121,0.03011,0.57655,0.62004,0.63807,0.30288,1.72114,1.4628,0.03832,0.00034,0.00034,0.00034
102,1306.83,1.52993,1.34485,0.02981,0.59006,0.60226,0.6348,0.30652,1.68871,1.49168,0.03763,0.0003334,0.0003334,0.0003334
103,1319.47,1.5242,1.34798,0.02943,0.59217,0.60125,0.62113,0.29455,1.76345,1.47222,0.03914,0.0003268,0.0003268,0.0003268
104,1333.11,1.5351,1.35259,0.02944,0.62751,0.57915,0.63867,0.29964,1.73482,1.46467,0.03783,0.0003202,0.0003202,0.0003202
105,1346.61,1.52395,1.33622,0.02983,0.57241,0.62192,0.63074,0.3014,1.74677,1.466,0.03858,0.0003136,0.0003136,0.0003136
106,1358.74,1.52217,1.33027,0.02911,0.60411,0.58787,0.62108,0.29591,1.75984,1.47117,0.03856,0.000307,0.000307,0.000307
107,1371.12,1.50721,1.33568,0.02913,0.58751,0.60855,0.62906,0.30217,1.7171,1.46123,0.03771,0.0003004,0.0003004,0.0003004
108,1383.24,1.50193,1.29824,0.02917,0.56687,0.61806,0.62624,0.29812,1.72783,1.47734,0.03824,0.0002938,0.0002938,0.0002938
109,1397.74,1.49824,1.31669,0.02885,0.59918,0.60162,0.63255,0.30233,1.72254,1.46548,0.03847,0.0002872,0.0002872,0.0002872
110,1410.12,1.4885,1.28329,0.02841,0.60921,0.60442,0.64536,0.31506,1.69535,1.44961,0.03788,0.0002806,0.0002806,0.0002806
111,1422.51,1.49869,1.29755,0.02917,0.57063,0.61496,0.62621,0.30938,1.70156,1.43008,0.0375,0.000274,0.000274,0.000274
112,1435.37,1.48501,1.26867,0.02838,0.6107,0.60772,0.63983,0.31111,1.71903,1.43005,0.03822,0.0002674,0.0002674,0.0002674
113,1447.2,1.4841,1.30167,0.0287,0.6138,0.60136,0.63239,0.30519,1.70724,1.43594,0.03746,0.0002608,0.0002608,0.0002608
114,1460,1.47613,1.30121,0.02853,0.58578,0.61127,0.63298,0.31424,1.67298,1.45691,0.03688,0.0002542,0.0002542,0.0002542
115,1472.11,1.48049,1.28619,0.02848,0.58283,0.63093,0.6469,0.31856,1.69243,1.39103,0.03705,0.0002476,0.0002476,0.0002476
116,1484.41,1.46479,1.26182,0.02825,0.59615,0.61495,0.64072,0.3179,1.67356,1.45488,0.03693,0.000241,0.000241,0.000241
117,1497.03,1.46158,1.26278,0.02829,0.56216,0.63431,0.64583,0.31947,1.69111,1.43324,0.03737,0.0002344,0.0002344,0.0002344
118,1509.45,1.47205,1.26628,0.02846,0.61627,0.64008,0.66121,0.323,1.69734,1.41247,0.03764,0.0002278,0.0002278,0.0002278
119,1521.76,1.46016,1.24875,0.02771,0.61114,0.61941,0.64018,0.31835,1.68825,1.42543,0.03709,0.0002212,0.0002212,0.0002212
120,1534.11,1.47272,1.24011,0.0283,0.60085,0.63152,0.64164,0.31322,1.7131,1.43274,0.03727,0.0002146,0.0002146,0.0002146
121,1546.24,1.45844,1.2555,0.02789,0.61134,0.60773,0.64846,0.32059,1.6684,1.40513,0.03636,0.000208,0.000208,0.000208
122,1558.36,1.48491,1.23664,0.02841,0.59933,0.6362,0.65561,0.31863,1.69127,1.39897,0.03729,0.0002014,0.0002014,0.0002014
123,1570.59,1.45526,1.21377,0.02778,0.57465,0.64112,0.64848,0.31705,1.67941,1.4148,0.03717,0.0001948,0.0001948,0.0001948
124,1582.66,1.46431,1.25901,0.02779,0.60802,0.61114,0.65454,0.32089,1.69376,1.41002,0.0374,0.0001882,0.0001882,0.0001882
125,1595.18,1.48168,1.22513,0.02819,0.58918,0.61316,0.64154,0.31109,1.70691,1.43323,0.03775,0.0001816,0.0001816,0.0001816
126,1607.28,1.43003,1.22558,0.02713,0.59444,0.61363,0.65174,0.32441,1.66946,1.399,0.0365,0.000175,0.000175,0.000175
127,1619.74,1.45457,1.23531,0.02825,0.61377,0.58566,0.63277,0.31005,1.70812,1.41805,0.03683,0.0001684,0.0001684,0.0001684
128,1632.2,1.44482,1.20918,0.02795,0.61751,0.62457,0.65601,0.32405,1.66728,1.39639,0.03634,0.0001618,0.0001618,0.0001618
129,1644.36,1.43358,1.22309,0.02745,0.58703,0.6278,0.65028,0.32226,1.68445,1.40618,0.03706,0.0001552,0.0001552,0.0001552
130,1656.84,1.44924,1.21936,0.02754,0.5777,0.65562,0.65861,0.32316,1.6772,1.41464,0.03675,0.0001486,0.0001486,0.0001486
131,1668.94,1.43388,1.21057,0.02704,0.60849,0.62285,0.6538,0.31978,1.71791,1.39108,0.03719,0.000142,0.000142,0.000142
132,1681.23,1.43676,1.21677,0.02708,0.64148,0.59422,0.66164,0.32672,1.67513,1.39204,0.03688,0.0001354,0.0001354,0.0001354
133,1693.68,1.44148,1.21191,0.02753,0.60849,0.62321,0.65928,0.32848,1.65309,1.4027,0.03633,0.0001288,0.0001288,0.0001288
134,1705.99,1.42746,1.18415,0.02718,0.61062,0.61796,0.65501,0.32601,1.6885,1.37702,0.03738,0.0001222,0.0001222,0.0001222
135,1718.12,1.43509,1.18665,0.02736,0.61062,0.63191,0.66016,0.32937,1.66876,1.38373,0.03653,0.0001156,0.0001156,0.0001156
136,1730.86,1.42057,1.21603,0.02719,0.58318,0.64853,0.65418,0.32696,1.68076,1.39047,0.03658,0.000109,0.000109,0.000109
137,1742.98,1.42901,1.1848,0.02751,0.58518,0.65185,0.65765,0.32487,1.68473,1.38928,0.03694,0.0001024,0.0001024,0.0001024
138,1755.56,1.42464,1.19567,0.02703,0.58136,0.63537,0.65228,0.32111,1.69356,1.39556,0.03705,9.58e-05,9.58e-05,9.58e-05
139,1767.68,1.41363,1.18826,0.02715,0.59646,0.64171,0.65416,0.32243,1.6713,1.39812,0.03663,8.92e-05,8.92e-05,8.92e-05
140,1779.93,1.40753,1.19773,0.02661,0.61367,0.63331,0.65706,0.32492,1.68618,1.38814,0.03709,8.26e-05,8.26e-05,8.26e-05
141,1793.18,1.38702,1.19791,0.02604,0.61517,0.63878,0.65722,0.32734,1.6824,1.3888,0.03727,7.6e-05,7.6e-05,7.6e-05
142,1805.46,1.39282,1.162,0.02652,0.62128,0.63153,0.65671,0.32249,1.68356,1.38789,0.03716,6.94e-05,6.94e-05,6.94e-05
143,1817.6,1.41198,1.17043,0.02669,0.63609,0.62376,0.65506,0.32284,1.67412,1.40181,0.03692,6.28e-05,6.28e-05,6.28e-05
144,1830.5,1.39932,1.17965,0.02661,0.63015,0.62944,0.66038,0.32443,1.6798,1.39383,0.03682,5.62e-05,5.62e-05,5.62e-05
145,1842.52,1.39253,1.17758,0.02652,0.61835,0.62644,0.66112,0.32648,1.67948,1.39344,0.03682,4.96e-05,4.96e-05,4.96e-05
146,1855.75,1.41616,1.17712,0.02735,0.61327,0.62901,0.65938,0.32616,1.67665,1.40292,0.03659,4.3e-05,4.3e-05,4.3e-05
147,1868.8,1.3913,1.17212,0.02631,0.62864,0.62103,0.65631,0.32534,1.66602,1.40186,0.03645,3.64e-05,3.64e-05,3.64e-05
148,1882,1.38371,1.1551,0.02649,0.61705,0.63399,0.65642,0.32682,1.6737,1.40135,0.03675,2.98e-05,2.98e-05,2.98e-05
149,1894.21,1.38506,1.19167,0.02608,0.61083,0.63599,0.65365,0.32491,1.67452,1.3931,0.03682,2.32e-05,2.32e-05,2.32e-05
150,1906.25,1.3915,1.18146,0.02645,0.60757,0.63474,0.65393,0.32574,1.67582,1.39454,0.03688,1.66e-05,1.66e-05,1.66e-05
